{
    "productList":[
        {
          "imageSource": "assets/img/nike-shoes.jpg",
          "id": "SNK001",
          "price":345,
          "isDeleted": false,
          "isRemoved": false,
          "description": "All authentic Nike shoes have a tag sewn into them with their size, barcode and model number on it. You will recognize it most easily by the barcode",
          "isLiked": false,
          "noOfLikes": 23,
          "productName": "Nike Sneakers",
          "category": "Footwear",
          "rating": 4.3,
          "isStockAvailable":true
        },
        {
          "imageSource": "assets/img/nike-shoes.jpg",
          "id": "SNK002",
          "price":256,
          "isDeleted": false,
          "isRemoved": false,
          "description": "Adidas, in full Adidas AG, German manufacturer of athletic shoes and apparel and sporting goods",
          "isLiked": false,
          "noOfLikes": 2,
          "productName": "Adidas sports",
          "category": "Footwear",
          "rating": 4.2,
          "isStockAvailable":true
        },
        {
          "imageSource": "assets/img/nike-shoes.jpg",
          "id": "FTBLL23",
          "price":454,
          "isDeleted": false,
          "isRemoved": false,
          "description": "The inside of the football is made up of a latex or butyl rubber bladder which enables the football to be pressurised.",
          "isLiked": false,
          "noOfLikes": 2,
          "productName": "Football",
          "category": "Sports",
          "rating": 3.2,
          "isStockAvailable":false
        }
      ]
}